Hotspot ID,Hotspot label,Domain cluster,Top papers (top 5 by TC; PaperID as UT surrogate),Keyword/theme overview (1 sentence),Hotspot type
1,Hybrid Vehicle Energy Management,Energy & Power Systems,[1155; TC=434] PEM fuel cell system control: A review ; [8639; TC=393] Reinforcement learning-based real-time power management for hybrid energy storage system in the p... ; [15774; TC=389] A Comparative Study of Energy Management Schemes for a Fuel-Cell Hybrid Emergency Power System of... ; [956; TC=383] Velocity Predictors for Predictive Energy Management in Hybrid Electric Vehicles ; [13256; TC=374] Energy management of hybrid electric vehicles: A review of energy optimization of fuel cell hybri...,"This hotspot centers on optimization, energy management, battery, and energy management strategy, primarily in Hybrid Vehicle Energy Management.",Application-Driven
2,Solar Power Generation & Photovoltaic Technology,Energy & Power Systems,[5879; TC=1019] Machine learning methods for solar radiation forecasting: A review ; [4077; TC=759] Review of photovoltaic power forecasting ; [1441; TC=631] Forecasting of photovoltaic power generation and model optimization: A review ; [1046; TC=574] Hourly day-ahead solar irradiance prediction using weather forecasts by LSTM ; [1243; TC=558] A review and evaluation of the state-of-the-art in PV solar power forecasting: Techniques and opt...,"This hotspot centers on irradiance, optimization, support vector machine, and output, primarily in Solar Power Generation & Photovoltaic Technology.",Application-Driven
3,Smart Grid & Energy Management,Energy & Power Systems,[15730; TC=1993] Trends in Microgrid Control ; [17054; TC=1345] Short-Term Residential Load Forecasting Based on LSTM Recurrent Neural Network ; [18083; TC=1053] A review of data-driven building energy consumption prediction studies ; [15786; TC=881] A review on simulation-based optimization methods applied to building performance analysis ; [5681; TC=828] Predicting residential energy consumption using CNN-LSTM neural networks,"This hotspot centers on optimization, office buildings, simulation, and neural-networks, primarily in Smart Grid & Energy Management.",Application-Driven
4,FinTech & Risk Management,Finance & Economics,[15887; TC=999] Deep learning with long short-term memory networks for financial market predictions ; [15558; TC=904] ... and the Cross-Section of Expected Returns ; [1258; TC=649] Big Data: New Tricks for Econometrics ; [11121; TC=644] Empirical Asset Pricing via Machine Learning ; [12356; TC=627] Evaluation of clustering algorithms for financial risk analysis using MCDM methods,"This hotspot centers on neural-networks, regression, bankruptcy prediction, and volatility, primarily in FinTech & Risk Management.",Application-Driven
7,Intelligent Robotics & Motion Control,Robotics & Control Systems,[11458; TC=1577] End-to-End Training of Deep Visuomotor Policies ; [15976; TC=1121] Learning hand-eye coordination for robotic grasping with deep learning and large-scale data colle... ; [17978; TC=1042] Adaptive Neural Network Control of an Uncertain Robot With Full-State Constraints ; [2817; TC=950] Deep learning for detecting robotic grasps ; [2349; TC=723] Learning agile and dynamic motor skills for legged robots,"This hotspot centers on design, tracking control, adaptive control, and robot, primarily in Intelligent Robotics & Motion Control.",Application-Driven
9,Smart Manufacturing & Industry 4.0,Smart Manufacturing & Industry,[9526; TC=989] Literature review of Industry 4.0 and related technologies ; [5940; TC=932] Deep learning for smart manufacturing: Methods and applications ; [15240; TC=853] Data-driven smart manufacturing ; [15484; TC=791] Towards smart factory for industry 4.0: a self-organized multi-agent system with big data based f... ; [13282; TC=726] Smart manufacturing,"This hotspot centers on big data, cyber-physical systems, industry 4.0, and smart manufacturing, primarily in Smart Manufacturing & Industry 4.0.",Application-Driven
17,AI Ethics & Social Impact,AI Foundations & Theory,"[5922; TC=3552] Explainable Artificial Intelligence (XAI): Concepts, taxonomies, opportunities and challenges tow... ; [6054; TC=2512] Peeking Inside the Black-Box: A Survey on Explainable Artificial Intelligence (XAI) ; [2441; TC=2189] A Survey of Methods for Explaining Black Box Models ; [9157; TC=2112] Explanation in artificial intelligence: Insights from the social sciences ; [3484; TC=1083] Artificial Intelligence (AI): Multidisciplinary perspectives on emerging challenges, opportunitie...","This hotspot centers on big data, interpretability, black-box, and explanation, primarily in AI Ethics & Social Impact.",Theory-Driven
18,Deep Reinforcement Learning & Game Intelligence,AI Foundations & Theory,"[4483; TC=16421] Human-level control through deep reinforcement learning ; [16595; TC=9455] Mastering the game of Go with deep neural networks and tree search ; [5630; TC=5197] Mastering the game of Go without human knowledge ; [8578; TC=1860] A general reinforcement learning algorithm that masters chess, shogi, and Go through self-play ; [5196; TC=1833] Grandmaster level in StarCraft II using multi-agent reinforcement learning","This hotspot centers on metaverse, game, augmented reality, and games, primarily in Deep Reinforcement Learning & Game Intelligence.",Technology-Application
19,AI-Driven Air Pollution & Climate Change Research,Agriculture & Environment,[6725; TC=529] Air pollution characteristics and their relation to meteorological conditions during 2014-2015 in... ; [8241; TC=457] Applications of low-cost sensing technologies for air quality monitoring and exposure assessment:... ; [5633; TC=431] A Deep CNN-LSTM Model for Particulate Matter (PM<sub>2.5</sub>) Forecasting in Smart Cities ; [16417; TC=429] Long short-term memory neural network for air pollutant concentration predictions: Method develop... ; [18162; TC=412] Artificial neural networks forecasting of PM<sub>2.5</sub> pollution using air mass trajectory ba...,"This hotspot centers on aerosol optical depth, pollution, pm2.5, and fine particulate matter, primarily in AI-Driven Air Pollution & Climate Change Research.",Application-Driven
21,Environmental Catalysis & Biomass Energy Conversion,Materials Science,[865; TC=1059] Planning chemical syntheses with deep neural networks and symbolic AI ; [4049; TC=873] Accelerated discovery of CO<sub>2</sub> electrocatalysts using active machine learning ; [8495; TC=724] Water electrolysis: from textbook knowledge to the latest scientific strategies and industrial de... ; [14976; TC=664] CO<sub>2</sub> hydrogenation to high-value products via heterogeneous catalysis ; [7576; TC=556] Active learning across intermetallics to guide discovery of electrocatalysts for CO<sub>2</sub> r...,"This hotspot centers on artificial neural-network, design, adsorption, and response-surface methodology, primarily in Environmental Catalysis & Biomass Energy Conversion.",Application-Driven
22,Intelligent Prosthetics & Soft Robotics,Robotics & Control Systems,[10288; TC=1060] Soft robotic glove for combined assistance and at-home rehabilitation ; [2343; TC=751] Learning the signatures of the human grasp using a scalable tactile glove ; [15630; TC=642] Robots that can adapt like animals ; [9924; TC=568] The GRASP Taxonomy of Human Grasp Types ; [6855; TC=541] Electromyography data for non-invasive naturally-controlled robotic hand prostheses,"This hotspot centers on design, microrobots, rehabilitation, and strain sensors, primarily in Intelligent Prosthetics & Soft Robotics.",Application-Driven
23,Additive Manufacturing & ML in Materials Science,Smart Manufacturing & Industry,"[17533; TC=420] Machine learning in additive manufacturing: State-of-the-art and perspectives ; [4032; TC=414] A review on machinability of carbon fiber reinforced polymer (CFRP) and glass fiber reinforced po... ; [2976; TC=355] Bioinspired hierarchical composite design using machine learning: simulation, additive manufactur... ; [15067; TC=350] Inkjet-printed unclonable quantum dot fluorescent anti-counterfeiting labels with artificial inte... ; [1380; TC=331] A review on machine learning in 3D printing: applications, potential, and challenges","This hotspot centers on additive manufacturing, optimization, 3d printing, and design, primarily in Additive Manufacturing & ML in Materials Science.",Application-Driven
24,Smart Wearable Electronics & Energy Harvesting Materials,Materials Science,"[15161; TC=1465] Triboelectric Nanogenerator: A Foundation of the Energy for the New Era ; [15654; TC=970] Advances of flexible pressure sensors toward artificial intelligence and health care applications ; [15047; TC=948] Fiber/Fabric-Based Piezoelectric and Triboelectric Nanogenerators for Flexible/Stretchable and We... ; [15372; TC=867] A Bioinspired Mineral Hydrogel as a Self-Healable, Mechanically Adaptable Ionic Skin for Highly S... ; [15306; TC=703] Stretchable Ti<sub>3</sub>C<sub>2</sub>T<i><sub>x</sub></i> MXene/Carbon Nanotube Composite Based...","This hotspot centers on electronic skin, strain sensors, composites, and transparent, primarily in Smart Wearable Electronics & Energy Harvesting Materials.",Technology-Application
25,Biosensors & Molecular Diagnostics,Biomedicine & Genomics,[4028; TC=743] The Optoelectronic Nose: Colorimetric and Fluorometric Sensor Arrays ; [15397; TC=591] Detecting DNA cytosine methylation using nanopore sequencing ; [11761; TC=526] Profiling consumers who are ready to adopt insects as a meat substitute in a Western society ; [4356; TC=488] Rapid identification of pathogenic bacteria using Raman spectroscopy and deep learning ; [15473; TC=430] ToxCast Chemical Landscape: Paving the Road to 21st Century Toxicology,"This hotspot centers on chemometrics, quality, partial least-squares, and identification, primarily in Biosensors & Molecular Diagnostics.",Technology-Application
26,Soil Microbial Ecology & Environmental Genomics,Biomedicine & Genomics,[6209; TC=537] Core microbiomes for sustainable agroecosystems ; [15725; TC=502] Genome-wide association analyses provide genetic and biochemical insights into natural variation... ; [11614; TC=491] A practical guide to environmental association analysis in landscape genomics ; [15673; TC=457] Improved annotation of antibiotic resistance determinants reveals microbial resistomes cluster by... ; [15568; TC=348] Transcriptional Responses to the Auxin Hormone,"This hotspot centers on diversity, bacteria, biodiversity, and resistance, primarily in Soil Microbial Ecology & Environmental Genomics.",Technology-Application
27,Genomics & Bioinformatics,Biomedicine & Genomics,[15676; TC=11842] IQ-TREE: A Fast and Effective Stochastic Algorithm for Estimating Maximum-Likelihood Phylogenies ; [7674; TC=8523] MEGA11 Molecular Evolutionary Genetics Analysis Version 11 ; [15366; TC=6803] GEPIA: a web server for cancer and normal gene expression profiling and interactive analyses ; [11642; TC=6649] Second-generation PLINK: rising to the challenge of larger and richer datasets ; [5428; TC=3240] Optimizing taxonomic classification of marker-gene amplicon sequences with QIIME 2′s q2-feature-c...,"This hotspot centers on database, identification, sequence, and expression, primarily in Genomics & Bioinformatics.",Technology-Application
28,Protein Structure Prediction & Engineering,Biomedicine & Genomics,[11369; TC=17984] Highly accurate protein structure prediction with AlphaFold ; [15770; TC=4374] A general framework for estimating the relative pathogenicity of human genetic variants ; [15722; TC=2947] SWISS-MODEL: modelling protein tertiary and quaternary structure using evolutionary information ; [2340; TC=2658] Accurate prediction of protein structures and interactions using a three-track neural network ; [18425; TC=1776] Improved protein structure prediction using potentials from deep learning,"This hotspot centers on database, neural-networks, secondary structure, and identification, primarily in Protein Structure Prediction & Engineering.",Technology-Application
29,Drug Discovery & Bioinformatics,Biomedicine & Genomics,[4729; TC=2199] Automatic Chemical Design Using a Data-Driven Continuous Representation of Molecules ; [3554; TC=1785] ranger: A Fast Implementation of Random Forests for High Dimensional Data in C plus plus and R ; [7176; TC=1503] ProTox-II: a webserver for the prediction of toxicity of chemicals ; [16825; TC=1236] Applications of machine learning in drug discovery and development ; [15758; TC=1162] Data-Mining for Sulfur and Fluorine: An Evaluation of Pharmaceuticals To Reveal Opportunities for...,"This hotspot centers on neural-networks, discovery, database, and design, primarily in Drug Discovery & Bioinformatics.",Technology-Application
30,Tumor Immune Microenvironment & Precision Medicine,Biomedicine & Genomics,[15266; TC=1401] Genetics and Pathogenesis of Diffuse Large B-Cell Lymphoma ; [11015; TC=1291] Gut Microbiota Are Related to Parkinson's Disease and Clinical Phenotype ; [1321; TC=968] PHYSIOLOGY OF ASTROGLIA ; [15600; TC=910] Insights into Autism Spectrum Disorder Genomic Architecture and Biology from 71 Risk Loci ; [11908; TC=837] Predicting Infectious Severe Acute Respiratory Syndrome Coronavirus 2 From Diagnostic Samples,"This hotspot centers on gut microbiota, expression, sars-cov-2, and covid-19, primarily in Tumor Immune Microenvironment & Precision Medicine.",Application-Driven
31,Cancer Genomics & Immunotherapy,Biomedicine & Genomics,[6493; TC=3014] Pan-cancer Immunogenomic Analyses Reveal Genotype-Immunophenotype Relationships and Predictors of... ; [15497; TC=2250] <i>TCGAbiolinks</i>: an R/Bioconductor package for integrative analysis of TCGA data ; [6523; TC=2196] Determining cell type abundance and expression from bulk tissues with digital cytometry ; [6308; TC=1823] DNA methylation-based classification of central nervous system tumours ; [5454; TC=1353] Machine Learning Identifies Stemness Features Associated with Oncogenic Dedifferentiation,"This hotspot centers on expression, biomarkers, landscape, and cancer, primarily in Cancer Genomics & Immunotherapy.",Application-Driven
32,COVID-19 Vaccination & Public Health Response,Public Health & Epidemiology,[7614; TC=1925] An immunogenic personal neoantigen vaccine for patients with melanoma ; [12258; TC=651] Neutrophil-to-Lymphocyte ratio (NLR) and Platelet-to-Lymphocyte ratio (PLR) as prognostic markers... ; [9499; TC=597] Acceptance of COVID-19 Vaccination during the COVID-19 Pandemic in China ; [12980; TC=535] COVID-19 vaccine coverage in health-care workers in England and effectiveness of BNT162b2 mRNA va... ; [13023; TC=516] Risk factors and disease profile of post-vaccination SARS-CoV-2 infection in UK users of the COVI...,"This hotspot centers on covid-19, sars-cov-2, vaccine, and vaccine hesitancy, primarily in COVID-19 Vaccination & Public Health Response.",Application-Driven
33,Drug Intervention & Treatment Outcome Analysis,Biomedicine & Genomics,[11763; TC=824] Characteristics associated with hospitalisation for COVID-19 in people with rheumatic disease: da... ; [12876; TC=807] Incidence of and Risk Factors for Chronic Opioid Use Among Opioid-Naive Patients in the Postopera... ; [11658; TC=790] DALI: Defining Antibiotic Levels in Intensive Care Unit Patients: Are Current β-Lactam Antibiotic... ; [9437; TC=783] The SIDER database of drugs and side effects ; [12285; TC=777] Renin-Angiotensin-Aldosterone System Blockers and the Risk of Covid-19,"This hotspot centers on prevalence, therapy, impact, and risk, primarily in Drug Intervention & Treatment Outcome Analysis.",Application-Driven
35,Neuromorphic Computing & Memristor Materials,Materials Science,[2706; TC=1451] The future of electronics based on memristive systems ; [2382; TC=527] Parallel programming of an ionic floating-gate memory array for scalable neuromorphic computing ; [15160; TC=520] Scalable energy-efficient magnetoelectric spin-orbit logic ; [2517; TC=498] Spin-torque building blocks ; [1883; TC=496] Photonic Synapses Based on Inorganic Perovskite Quantum Dots for Neuromorphic Computing,"This hotspot centers on memory, neuromorphic computing, neural-networks, and device, primarily in Neuromorphic Computing & Memristor Materials.",Theory-Driven
36,AI-Driven Materials Design & Performance Optimization,Materials Science,[5184; TC=1069] Machine-learning-assisted materials discovery using failed experiments ; [7184; TC=1062] Quantum chemistry structures and properties of 134 kilo molecules ; [14981; TC=859] The Powder Diffraction File: a quality materials characterization database ; [6285; TC=723] Design of efficient molecular organic light-emitting diodes by a high-throughput virtual screenin... ; [4760; TC=666] Spectral neighbor analysis method for automated generation of quantum-accurate interatomic potent...,"This hotspot centers on stability, design, density-functional theory, and dynamics, primarily in AI-Driven Materials Design & Performance Optimization.",Technology-Application
37,ML in Molecular Simulation & Drug Design,Biomedicine & Genomics,"[8199; TC=4495] LAMMPS-a flexible simulation tool for particle-based materials modeling at the atomic, meso, and... ; [5871; TC=2481] Machine learning for molecular and materials science ; [16967; TC=1427] Recent advances and applications of machine learning in solid-state materials science ; [16173; TC=1383] MoleculeNet: a benchmark for molecular machine learning ; [16828; TC=1326] Crystal Graph Convolutional Neural Networks for an Accurate and Interpretable Prediction of Mater...","This hotspot centers on design, force-field, density-functional theory, and potentials, primarily in ML in Molecular Simulation & Drug Design.",Technology-Application
38,Wind Energy System Prediction & Control,Energy & Power Systems,[17258; TC=587] Multiscale Convolutional Neural Networks for Fault Diagnosis of Wind Turbine Gearbox ; [15752; TC=535] Probabilistic Forecasting of Wind Power Generation Using Extreme Learning Machine ; [11049; TC=533] Deep learning based ensemble approach for probabilistic wind power forecasting ; [18084; TC=525] Wind speed forecasting based on the hybrid ensemble empirical mode decomposition and GA-BP neural... ; [2115; TC=510] Current status and future advances for wind speed and power forecasting,"This hotspot centers on wind speed forecasting, regression, wavelet transform, and decomposition, primarily in Wind Energy System Prediction & Control.",Application-Driven
39,Intelligent Bearing Health Monitoring & Fault Diagnosis,Smart Manufacturing & Industry,[14904; TC=985] A Hybrid Prognostics Approach for Estimating Remaining Useful Life of Rolling Element Bearings ; [16339; TC=848] Convolutional Neural Network Based Fault Detection for Rotating Machinery ; [17787; TC=828] A recurrent neural network based health indicator for remaining useful life prediction of bearings ; [4054; TC=646] Multisensor Feature Fusion for Bearing Fault Diagnosis Using Sparse Autoencoder and Deep Belief N... ; [18054; TC=601] An intelligent fault diagnosis approach based on transfer learning from laboratory bearings to lo...,"This hotspot centers on fault diagnosis, feature-extraction, rotating machinery, and empirical mode decomposition, primarily in Intelligent Bearing Health Monitoring & Fault Diagnosis.",Application-Driven
40,Machine Intelligent Maintenance & Engineering Fault Diagnosis,Smart Manufacturing & Industry,[13303; TC=1863] A Survey of Fault Diagnosis and Fault-Tolerant Techniques-Part II: Fault Diagnosis With Knowledge... ; [5604; TC=1581] Deep learning and its applications to machine health monitoring ; [488; TC=1469] Applications of machine learning to machine fault diagnosis: A review and roadmap ; [17877; TC=1409] A New Convolutional Neural Network-Based Data-Driven Fault Diagnosis Method ; [5640; TC=1332] Artificial intelligence for fault diagnosis of rotating machinery: A review,"This hotspot centers on fault diagnosis, rotating machinery, intelligent fault diagnosis, and transfer learning, primarily in Machine Intelligent Maintenance & Engineering Fault Diagnosis.",Application-Driven
41,Infrastructure System Reliability & Risk Assessment,Infrastructure & Structural Engineering,[15795; TC=780] Review on modeling and simulation of interdependent critical infrastructure systems ; [4220; TC=304] LIF: A new Kriging based learning function and its application to structural reliability analysis ; [15734; TC=300] A genetic algorithm for task scheduling on heterogeneous computing systems using multiple priorit... ; [10319; TC=261] An Energy Efficient Ant Colony System for Virtual Machine Placement in Cloud Computing ; [10487; TC=249] An overview of fault tree analysis and its application in model based dependability analysis,"This hotspot centers on cloud computing, framework, optimization, and group decision-making, primarily in Infrastructure System Reliability & Risk Assessment.",Application-Driven
43,Intelligent Recommender Systems & Graph Neural Networks,NLP & Information Retrieval,[1906; TC=1900] Deep Learning Based Recommender System: A Survey and New Perspectives ; [11699; TC=948] Recommender system application developments: A survey ; [10916; TC=730] Heterogeneous Information Network Embedding for Recommendation ; [15750; TC=457] An Efficient Non-Negative Matrix-Factorization-Based Approach to Collaborative Filtering for Reco... ; [6817; TC=451] A Survey on Knowledge Graph-Based Recommender Systems,"This hotspot centers on recommender systems, recommender system, collaborative filtering, and graph neural network, primarily in Intelligent Recommender Systems & Graph Neural Networks.",Application-Driven
44,Intelligent Optimization Algorithms & Physical System Modeling,AI Foundations & Theory,[9259; TC=3400] SCA: A Sine Cosine Algorithm for solving optimization problems ; [6041; TC=2331] Discovering governing equations from data by sparse identification of nonlinear dynamical systems ; [16761; TC=1488] Machine Learning for Fluid Mechanics ; [16839; TC=1015] Hidden fluid mechanics: Learning velocity and pressure fields from flow visualizations ; [16257; TC=997] Remaining useful life estimation in prognostics using deep convolution neural networks,"This hotspot centers on systems, flow, remaining useful life, and computational methods, primarily in Intelligent Optimization Algorithms & Physical System Modeling.",Theory-Driven
46,Hydrological Cycle & Water Resource Management with ML,Agriculture & Environment,[266; TC=2362] Deep learning and process understanding for data-driven Earth system science ; [1641; TC=730] Rainfall-runoff modelling using Long Short-Term Memory (LSTM) networks ; [1013; TC=652] Deep learning for multi-year ENSO forecasts ; [11056; TC=583] A Transdisciplinary Review of Deep Learning Research and Its Relevance for Water Resources Scient... ; [9731; TC=553] Probabilistic Forecasting,"This hotspot centers on support vector machine, neural-networks, hybrid model, and neural-network, primarily in Hydrological Cycle & Water Resource Management with ML.",Application-Driven
49,Smart City & Transportation System Optimization,Transportation & Autonomous Driving,"[10304; TC=863] Urban Computing: Concepts, Methodologies, and Applications ; [10479; TC=573] Survey of Green Vehicle Routing Problem: Past and future trends ; [2542; TC=507] Machine learning for internet of things data analysis: a survey ; [15617; TC=464] Planning, operation, and control of bus transport systems: A literature review ; [15602; TC=392] Origin-destination trips by purpose and time of day inferred from mobile phone data","This hotspot centers on built environment, city, travel behavior, and land-use, primarily in Smart City & Transportation System Optimization.",Application-Driven
50,Edge Computing & Federated Learning,Communication & Networks,"[4496; TC=2493] Federated Learning: Challenges, Methods, and Future Directions ; [4416; TC=1196] Adaptive Federated Learning in Resource Constrained Edge Computing Systems ; [4372; TC=1124] Edge Intelligence: Paving the Last Mile of Artificial Intelligence With Edge Computing ; [3096; TC=1112] Deep Learning for Anomaly Detection: A Review ; [1541; TC=1014] Learning IoT in Edge: Deep Learning for the Internet of Things with Edge Computing","This hotspot centers on federated learning, data models, edge computing, and internet of things, primarily in Edge Computing & Federated Learning.",Technology-Application
51,Structural Health Monitoring & Damage Detection,Infrastructure & Structural Engineering,[17028; TC=860] Real-time vibration-based structural damage detection using one-dimensional convolutional neural... ; [6195; TC=744] Guided wave based structural health monitoring: A review ; [364; TC=677] A review of vibration-based damage detection in civil structures: From traditional methods to Mac... ; [5933; TC=453] Structural Damage Detection with Automatic Feature-Extraction through Deep Learning ; [5599; TC=428] A Deep Collocation Method for the Bending Analysis of Kirchhoff Plate,"This hotspot centers on structural health monitoring, damage detection, identification, and structural damage detection, primarily in Structural Health Monitoring & Damage Detection.",Application-Driven
52,Intelligent Control & Optimization Decision Theory in Engineering,Robotics & Control Systems,[5109; TC=729] Barrier Lyapunov Functions-based adaptive control for a class of nonlinear pure-feedback systems... ; [1601; TC=565] Observer-Based Neuro-Adaptive Optimized Control of Strict-Feedback Nonlinear Systems With State C... ; [3238; TC=564] Adaptive output-feedback control design with prescribed performance for switched nonlinear systems ; [18392; TC=547] Policy Iteration Adaptive Dynamic Programming Algorithm for Discrete-Time Nonlinear Systems ; [8396; TC=521] Optimal and Autonomous Control Using Reinforcement Learning: A Survey,"This hotspot centers on tracking control, dynamic surface control, stabilization, and design, primarily in Intelligent Control & Optimization Decision Theory in Engineering.",Technology-Application
53,Multi-Agent System Cooperative Control & Optimization,Robotics & Control Systems,[15648; TC=1631] A survey of multi-agent formation control ; [10711; TC=855] An Overview of Recent Advances in Event-Triggered Consensus of Multiagent Systems ; [15640; TC=805] Designing Fully Distributed Consensus Protocols for Linear Multi-Agent Systems With Directed Graphs ; [15642; TC=778] Nonsingular fixed-time consensus tracking for second-order multi-agent networks ; [15780; TC=673] Consensus Tracking of Multi-Agent Systems With Lipschitz-Type Node Dynamics and Switching Topologies,"This hotspot centers on multi-agent systems, synchronization, agents, and consensus, primarily in Multi-Agent System Cooperative Control & Optimization.",Technology-Application
55,IoT Security & Defense Mechanisms,Cybersecurity & Privacy,[12715; TC=1031] DDoS in the IoT: Mirai and Other Botnets ; [12732; TC=522] Software-Defined Networking (SDN) and Distributed Denial of Service (DDoS) Attacks in Cloud Compu... ; [10637; TC=373] Observer-Based Event-Triggering Consensus Control for Multiagent Systems With Lossy Sensors and C... ; [7497; TC=367] A Survey on the Detection Algorithms for False Data Injection Attacks in Smart Grids ; [10629; TC=366] Memory-Based Event-Triggering H∞ Load Frequency Control for Power Systems Under Deception Attacks,"This hotspot centers on security, denial-of-service attack, multi-agent systems, and design, primarily in IoT Security & Defense Mechanisms.",Technology-Application
56,Privacy Preservation & Federated Learning,Cybersecurity & Privacy,[3966; TC=5178] Federated Machine Learning: Concept and Applications ; [10474; TC=1640] Data Mining with Big Data ; [1743; TC=950] Federated Learning With Differential Privacy: Algorithms and Performance Analysis ; [334; TC=896] Privacy-Preserving Deep Learning via Additively Homomorphic Encryption ; [4590; TC=667] Blockchain and Federated Learning for Privacy-Preserved Data Sharing in Industrial IoT,"This hotspot centers on blockchain, privacy, security, and internet, primarily in Privacy Preservation & Federated Learning.",Technology-Application
57,AI-Driven Cybersecurity & IoT Security,Cybersecurity & Privacy,"[2452; TC=1416] A Survey of Data Mining and Machine Learning Methods for Cyber Security Intrusion Detection ; [144; TC=901] A Deep Learning Approach for Intrusion Detection Using Recurrent Neural Networks ; [12463; TC=763] Network Anomaly Detection: Methods, Systems and Tools ; [7073; TC=753] Towards the development of realistic botnet dataset in the Internet of Things for network forensi... ; [341; TC=750] Deep Learning Approach for Intelligent Intrusion Detection System","This hotspot centers on intrusion detection, anomaly detection, attacks, and security, primarily in AI-Driven Cybersecurity & IoT Security.",Application-Driven
58,6G Communication & Intelligent Networks,Communication & Networks,"[66; TC=1636] An Introduction to Deep Learning for the Physical Layer ; [18415; TC=1195] Federated Learning in Mobile Edge Networks: A Comprehensive Survey ; [4625; TC=1113] Power of Deep Learning for Channel Estimation and Signal Detection in OFDM Systems ; [4504; TC=1092] Applications of Deep Reinforcement Learning in Communications and Networking: A Survey ; [14731; TC=1016] Towards 6G wireless communication networks: vision, enabling technologies, and new paradigm shifts","This hotspot centers on optimization, wireless networks, wireless communication, and neural-networks, primarily in 6G Communication & Intelligent Networks.",Technology-Application
59,Internet of Vehicles & Edge Computing,Transportation & Autonomous Driving,[15448; TC=1505] Fog and IoT: An Overview of Research Opportunities ; [8637; TC=399] Blockchain Empowered Asynchronous Federated Learning for Secure Data Sharing in Internet of Vehicles ; [5947; TC=394] Intrusion Detection System Using Deep Neural Network for In-Vehicle Network Security ; [1728; TC=382] Future Intelligent and Secure Vehicular Network Toward 6G: Machine-Learning Approaches ; [8418; TC=362] Deep Reinforcement Learning for Offloading and Resource Allocation in Vehicle Edge Computing and...,"This hotspot centers on security, internet, blockchain, and optimization, primarily in Internet of Vehicles & Edge Computing.",Application-Driven
60,UAV Communication & Network Optimization,Communication & Networks,"[7935; TC=1554] A Tutorial on UAVs for Wireless Networks: Applications, Challenges, and Open Problems ; [15375; TC=582] Time-Varying Formation Tracking for Second-Order Multi-Agent Systems Subjected to Switching Topol... ; [7583; TC=577] Caching in the Sky: Proactive Deployment of Cache-Enabled Unmanned Aerial Vehicles for Optimized... ; [8702; TC=551] Space/Aerial-Assisted Computing Offloading for IoT Applications: A Learning-Based Approach ; [3265; TC=400] Energy-Efficient UAV Control for Effective and Fair Communication Coverage: A Deep Reinforcement...","This hotspot centers on unmanned aerial vehicles, design, unmanned aerial vehicle, and reinforcement learning, primarily in UAV Communication & Network Optimization.",Technology-Application
61,Secure Communication & Image Encryption,Cybersecurity & Privacy,[3374; TC=333] Image encryption algorithm for synchronously updating Boolean networks based on matrix semi-tenso... ; [15746; TC=327] Chaos-based image encryption using a hybrid genetic algorithm and a DNA sequence ; [10254; TC=326] A new image encryption algorithm based on non-adjacent coupled map lattices ; [17145; TC=288] Lag Synchronization of Switched Neural Networks via Neural Activation Function and Applications i... ; [10620; TC=273] High Capacity Reversible Data Hiding in Encrypted Images by Patch-Level Sparse Representation,"This hotspot centers on image encryption, synchronization, chaotic system, and stability, primarily in Secure Communication & Image Encryption.",Technology-Application
64,Neuromorphic Computing Chips & DL Accelerators,Communication & Networks,[1476; TC=2789] A million spiking-neuron integrated circuit with a scalable communication network and interface ; [4163; TC=2176] Training andoperation of an integrated neuromorphic network based on metal-oxide memristors ; [16471; TC=2174] A Review of Recurrent Neural Networks: LSTM Cells and Network Architectures ; [1012; TC=2014] Loihi: A Neuromorphic Manycore Processor with On-Chip Learning ; [1083; TC=1332] Fully hardware-implemented memristor convolutional neural network,"This hotspot centers on plasticity, neural-networks, memristor, and device, primarily in Neuromorphic Computing Chips & DL Accelerators.",Technology-Application
65,Quantum Machine Learning & Quantum Computing,AI Foundations & Theory,[3252; TC=2050] Quantum machine learning ; [16126; TC=1399] Solving the quantum many-body problem with artificial neural networks ; [5405; TC=990] Quantum Support Vector Machine for Big Data Classification ; [18466; TC=983] Barren plateaus in quantum neural network training landscapes ; [16703; TC=981] Supervised learning with quantum-enhanced feature spaces,"This hotspot centers on quantum computing, systems, computation, and entanglement, primarily in Quantum Machine Learning & Quantum Computing.",Theory-Driven
66,Evolutionary Computation & Optimization Algorithms,AI Foundations & Theory,[10280; TC=4007] An Evolutionary Many-Objective Optimization Algorithm Using Reference-Point-Based Nondominated So... ; [13240; TC=1645] The Arithmetic Optimization Algorithm ; [10117; TC=1363] CVXPY: A Python-Embedded Modeling Language for Convex Optimization ; [10255; TC=1247] An Evolutionary Many-Objective Optimization Algorithm Using Reference-Point Based Nondominated So... ; [9770; TC=1148] Recent advances in differential evolution - An updated survey,"This hotspot centers on many-objective optimization, multiobjective optimization, genetic algorithm, and optimization, primarily in Evolutionary Computation & Optimization Algorithms.",Theory-Driven
67,Social Network Analysis & Decision Making,NLP & Information Retrieval,[15502; TC=7964] The Whale Optimization Algorithm ; [7548; TC=3585] Harris hawks optimization: Algorithm and applications ; [9278; TC=3024] Moth-flame optimization algorithm: A novel nature-inspired heuristic paradigm ; [15635; TC=2219] The Ant Lion Optimizer ; [7713; TC=1394] Marine Predators Algorithm: A nature-inspired metaheuristic,"This hotspot centers on optimization, particle swarm optimization, differential evolution, and swarm intelligence, primarily in Social Network Analysis & Decision Making.",Application-Driven
68,Swarm Intelligence Optimization Algorithms,AI Foundations & Theory,[15336; TC=3295] Salp Swarm Algorithm: A bio-inspired optimizer for engineering design problems ; [9177; TC=1410] Equilibrium optimizer: A novel optimization algorithm ; [2489; TC=1336] Particle swarm optimization algorithm: an overview ; [17901; TC=1124] A Survey on Evolutionary Computation Approaches to Feature Selection ; [10917; TC=1070] Multi-objective grey wolf optimizer: A novel algorithm for multi-criterion optimization,"This hotspot centers on particle swarm optimization, genetic algorithm, differential evolution, and optimization, primarily in Swarm Intelligence Optimization Algorithms.",Theory-Driven
69,Natural Language Processing & Knowledge Graphs,NLP & Information Retrieval,"[5134; TC=4706] Exploring the Limits of Transfer Learning with a Unified Text-to-Text Transformer ; [11272; TC=1988] Recent Trends in Deep Learning Based Natural Language Processing ; [10869; TC=1420] Knowledge Graph Embedding: A Survey of Approaches and Applications ; [2726; TC=1266] Semantics derived automatically from language corpora contain human-like biases ; [7172; TC=1089] A Survey on Knowledge Graphs: Representation, Acquisition, and Applications","This hotspot centers on sentiment analysis, natural language processing, opinion mining, and neural networks, primarily in Natural Language Processing & Knowledge Graphs.",Technology-Application
70,Predictive Modeling & Statistical Learning,AI Foundations & Theory,[10050; TC=2673] The No-U-Turn Sampler: Adaptively Setting Path Lengths in Hamiltonian Monte Carlo ; [7394; TC=2454] Variational Inference: A Review for Statisticians ; [9771; TC=1002] Explaining prediction models and individual predictions with feature contributions ; [8787; TC=995] Critical Appraisal and Data Extraction for Systematic Reviews of Prediction Modelling Studies: Th... ; [5086; TC=830] Peeking Inside the Black Box: Visualizing Statistical Learning With Plots of Individual Condition...,"This hotspot centers on regression, logistic regression, variable selection, and approximation, primarily in Predictive Modeling & Statistical Learning.",Theory-Driven
71,Machine Learning & Data Mining,AI Foundations & Theory,"[16170; TC=4508] Machine learning: Trends, perspectives, and prospects ; [2585; TC=3375] Stop explaining black box machine learning models for high stakes decisions and use interpretable... ; [18097; TC=2879] A Comprehensive Survey on Transfer Learning ; [1226; TC=2254] Do we Need Hundreds of Classifiers to Solve Real World Classification Problems? ; [7454; TC=2164] A Review on Multi-Label Learning Algorithms","This hotspot centers on neural-networks, framework, classifiers, and machine, primarily in Machine Learning & Data Mining.",Theory-Driven
72,Physics-Informed Neural Networks & Scientific ML,AI Foundations & Theory,[11; TC=6006] Physics-informed neural networks: A deep learning framework for solving forward and inverse probl... ; [16025; TC=2461] Physics-informed machine learning ; [11516; TC=1627] Automatic Differentiation in Machine Learning: a Survey ; [263; TC=1118] DGM: A deep learning algorithm for solving partial differential equations ; [16609; TC=1081] An energy approach to the solution of partial differential equations in computational mechanics v...,"This hotspot centers on uncertainty quantification, partial differential equations, neural-networks, and inverse problems, primarily in Physics-Informed Neural Networks & Scientific ML.",Theory-Driven
73,Deep Learning & Neural Networks,AI Foundations & Theory,[195; TC=25634] Dropout: A Simple Way to Prevent Neural Networks from Overfitting ; [11512; TC=24200] Deep learning ; [15; TC=10904] Deep learning in neural networks: An overview ; [6408; TC=8167] Generative Adversarial Networks ; [161; TC=5157] A Comprehensive Survey on Graph Neural Networks,"This hotspot centers on neural-networks, neural networks, task analysis, and regression, primarily in Deep Learning & Neural Networks.",Theory-Driven
74,Multi-View Learning & Tensor Decomposition,AI Foundations & Theory,[5404; TC=1000] Tensor Decomposition for Signal Processing and Machine Learning ; [4538; TC=637] Multi-view learning overview: Recent progress and new challenges ; [16648; TC=607] Semi-Supervised and Unsupervised Extreme Learning Machines ; [8772; TC=549] Tensor Decompositions for Learning Latent Variable Models ; [7114; TC=537] Optimal Transport for Domain Adaptation,"This hotspot centers on subspace clustering, spectral clustering, clustering algorithms, and multi-view clustering, primarily in Multi-View Learning & Tensor Decomposition.",Theory-Driven
75,Deep Learning & Pattern Recognition,AI Foundations & Theory,[5009; TC=6584] Grad-CAM: Visual Explanations from Deep Networks via Gradient-Based Localization ; [18533; TC=5591] A survey on Image Data Augmentation for Deep Learning ; [2239; TC=3034] A survey on feature selection methods ; [16532; TC=2294] On Pixel-Wise Explanations for Non-Linear Classifier Decisions by Layer-Wise Relevance Propagation ; [10134; TC=1787] Accelerating t-SNE using Tree-Based Algorithms,"This hotspot centers on neural-networks, task analysis, big data, and convolutional neural networks, primarily in Deep Learning & Pattern Recognition.",Theory-Driven
76,Multimodal Information Processing & Analysis,NLP & Information Retrieval,[11075; TC=723] Reading Text in the Wild with Convolutional Neural Networks ; [1799; TC=570] Synthesizing Obama: Learning Lip Sync from Audio ; [9945; TC=494] Click Prediction for Web Image Reranking Using Multimodal Sparse Coding ; [8749; TC=490] Learning to Prompt for Vision-Language Models ; [3134; TC=444] Show and Tell: Lessons Learned from the 2015 MSCOCO Image Captioning Challenge,"This hotspot centers on task analysis, visualization, feature extraction, and image captioning, primarily in Multimodal Information Processing & Analysis.",Technology-Application
77,Nanophotonics & Optical Neural Networks,AI Foundations & Theory,[89; TC=1878] Deep learning with coherent nanophotonic circuits ; [69; TC=1179] All-optical machine learning using diffractive deep neural networks ; [11107; TC=887] All-optical spiking neurosynaptic networks with self-learning capabilities ; [16074; TC=862] Photonics for artificial intelligence and neuromorphic computing ; [14683; TC=794] Parallel convolutional processing using an integrated photonic tensor core,"This hotspot centers on neural-networks, light, implementation, and optimization, primarily in Nanophotonics & Optical Neural Networks.",Theory-Driven
78,Speech Processing & Emotion Recognition,NLP & Information Retrieval,[16511; TC=3433] LSTM: A Search Space Odyssey ; [17645; TC=1434] Convolutional Neural Networks for Speech Recognition ; [6115; TC=1065] Conv-TasNet: Surpassing Ideal Time-Frequency Magnitude Masking for Speech Separation ; [2063; TC=950] A Regression Approach to Speech Enhancement Based on Deep Neural Networks ; [11196; TC=917] Deep Convolutional Neural Networks and Data Augmentation for Environmental Sound Classification,"This hotspot centers on features, recognition, speech emotion recognition, and neural-networks, primarily in Speech Processing & Emotion Recognition.",Technology-Application
79,Wearable Technology & AI-Assisted Diagnosis,Medical Imaging & Clinical Diagnosis,"[2697; TC=576] Sign-to-speech translation using machine-learning-assisted stretchable sensor arrays ; [15392; TC=570] Recent advances in wearable tactile sensors: Materials, sensing mechanisms, and device performance ; [15051; TC=506] Smart Textile-Integrated Microelectronic Systems for Wearable Applications ; [7239; TC=483] Haptic-feedback smart glove as a creative human-machine interface (HMI) for virtual/augmented rea... ; [1861; TC=407] Deep Learning for Electromyographic Hand Gesture Signal Classification Using Transfer Learning","This hotspot centers on sensor, sensors, electronic skin, and pressure, primarily in Wearable Technology & AI-Assisted Diagnosis.",Application-Driven
80,AI-Assisted Biological Microscopy & Structural Analysis,Biomedicine & Genomics,"[9247; TC=4393] cryoSPARC: algorithms for rapid unsupervised cryo-EM structure determination ; [2069; TC=1362] Trainable Weka Segmentation: a machine learning tool for microscopy pixel classification ; [3816; TC=1182] Cellpose: a generalist algorithm for cellular segmentation ; [4711; TC=1160] CellProfiler 3.0: Next-generation image processing for biology ; [16978; TC=1115] U-Net: deep learning for cell counting, detection, and morphometry","This hotspot centers on resolution, segmentation, visualization, and microscopy, primarily in AI-Assisted Biological Microscopy & Structural Analysis.",Application-Driven
81,Agricultural Big Data & Environmental Resource Management,Agriculture & Environment,"[3665; TC=2434] SoilGrids250m: Global gridded soil information based on machine learning ; [17738; TC=1178] Machine Learning in Agriculture: A Review ; [7396; TC=717] Soil carbon debt of 12,000 years of human land use ; [7999; TC=688] SoilGrids 2.0: producing soil information for the globe with quantified spatial uncertainty ; [15709; TC=672] Choosing and using diversity indices: insights for ecological applications from the German Biodiv...","This hotspot centers on water, big data, regression, and leaf-area index, primarily in Agricultural Big Data & Environmental Resource Management.",Application-Driven
82,Remote Sensing in Land Cover & Use Change,Remote Sensing & Earth Science,[14486; TC=1272] The 30 m annual land cover dataset and its dynamics in China from 1990 to 2019 ; [5949; TC=1088] Deep Learning Classification of Land Cover and Crop Types Using Remote Sensing Data ; [3767; TC=783] Optical remotely sensed time series data for land cover classification: A review ; [5804; TC=723] Review on Convolutional Neural Networks (CNN) in vegetation remote sensing ; [15525; TC=641] First Experience with Sentinel-2 Data for Crop and Tree Species Classifications in Central Europe,"This hotspot centers on random forest, remote sensing, time-series, and winter-wheat, primarily in Remote Sensing in Land Cover & Use Change.",Application-Driven
83,Agricultural Intelligence & Precision Agriculture,Agriculture & Environment,"[239; TC=2001] Deep learning in agriculture: A survey ; [5538; TC=1490] Using Deep Learning for Image-Based Plant Disease Detection ; [245; TC=1067] Deep learning models for plant disease detection and diagnosis ; [6135; TC=892] Zero-Shot Learning-A Comprehensive Evaluation of the Good, the Bad and the Ugly ; [17652; TC=753] Deep Neural Networks Based Recognition of Plant Diseases by Leaf Image Classification","This hotspot centers on convolutional neural networks, recognition, transfer learning, and identification, primarily in Agricultural Intelligence & Precision Agriculture.",Application-Driven
84,Infectious Disease Prediction & AI,Public Health & Epidemiology,"[8200; TC=1903] Prediction models for diagnosis and prognosis of covid-19 infection: systematic review and critic... ; [14747; TC=875] Ranking the effectiveness of worldwide COVID-19 government interventions ; [8016; TC=834] Modified SEIR and AI prediction of the epidemics trend of COVID-19 in China under public health i... ; [3008; TC=567] Time series forecasting of COVID-19 transmission in Canada using LSTM networks ; [14945; TC=531] A Comprehensive Review of the COVID-19 Pandemic and the Role of IoT, Drones, AI, Blockchain, and...","This hotspot centers on covid-19, coronavirus, forecasting, and lstm, primarily in Infectious Disease Prediction & AI.",Application-Driven
85,Environmental Factors & Disease Epidemiology,Public Health & Epidemiology,"[12254; TC=17250] Clinical course and risk factors for mortality of adult inpatients with COVID-19 in Wuhan, China:... ; [13046; TC=2873] 6-month consequences of COVID-19 in patients discharged from hospital: a cohort study ; [12871; TC=1540] Factors associated with hospital admission and critical illness among 5279 people with coronaviru... ; [10593; TC=1316] High Prevalence of Obesity in Severe Acute Respiratory Syndrome Coronavirus-2 (SARS-CoV-2) Requir... ; [11787; TC=976] US Incidence of Breast Cancer Subtypes Defined by Joint Hormone Receptor and HER2 Status","This hotspot centers on covid-19, mortality, risk, and pneumonia, primarily in Environmental Factors & Disease Epidemiology.",Application-Driven
86,Public Health & Disease Prevention,Public Health & Epidemiology,[12929; TC=5224] Endovascular thrombectomy after large-vessel ischaemic stroke: a meta-analysis of individual pati... ; [12045; TC=4728] A Randomized Trial of Intraarterial Treatment for Acute Ischemic Stroke ; [12752; TC=1326] Nonalcoholic Steatohepatitis Is the Second Leading Etiology of Liver Disease Among Adults Awaitin... ; [10442; TC=1243] Clinical impact of COVID-19 on patients with cancer (CCC19): a cohort study ; [15260; TC=1211] The 2018 Definition of Periprosthetic Hip and Knee Infection: An Evidence-Based and Validated Cri...,"This hotspot centers on outcomes, mortality, risk-factors, and management, primarily in Public Health & Disease Prevention.",Application-Driven
87,Smart Healthcare & Health IoT,Medical Imaging & Clinical Diagnosis,"[15321; TC=611] Exploiting smart e-Health gateways at the edge of healthcare Internet-of-Things:A fog computing a... ; [5456; TC=533] Privacy in the age of medical big data ; [5419; TC=511] Federated learning in medicine: facilitating multi-institutional collaborations without sharing p... ; [6295; TC=493] Secure, privacy-preserving and federated machine learning in medical imaging ; [7074; TC=468] Federated learning of predictive models from federated Electronic Health Records","This hotspot centers on blockchain, privacy, federated learning, and security, primarily in Smart Healthcare & Health IoT.",Application-Driven
90,Clinical Prediction Models & Precision Medicine,Medical Imaging & Clinical Diagnosis,[5268; TC=1597] Personalized Nutrition by Prediction of Glycemic Responses ; [10454; TC=1191] Towards better clinical prediction models: seven steps for development and an ABCD for validation ; [5032; TC=1004] Explainable machine-learning predictions for the prevention of hypoxaemia during surgery ; [15669; TC=717] Phenomapping for Novel Classification of Heart Failure With Preserved Ejection Fraction ; [5741; TC=649] Can machine-learning improve cardiovascular risk prediction using routine clinical data?,"This hotspot centers on risk, mortality, big data, and validation, primarily in Clinical Prediction Models & Precision Medicine.",Application-Driven
91,ML & AI in Healthcare Data Analysis,Medical Imaging & Clinical Diagnosis,"[2169; TC=3050] From local explanations to global understanding with explainable AI for trees ; [3104; TC=1796] Machine Learning in Medicine ; [6664; TC=1441] The coefficient of determination R-squared is more informative than SMAPE, MAE, MAPE, MSE and RMS... ; [15562; TC=1366] Mediation analysis in partial least squares path modeling Helping researchers discuss more sophis... ; [1039; TC=1244] Scalable and accurate deep learning with electronic health records","This hotspot centers on regression, selection, big data, and electronic health records, primarily in ML & AI in Healthcare Data Analysis.",Application-Driven
92,AI in Multimodal Medical Image Analysis,Medical Imaging & Clinical Diagnosis,"[16013; TC=1689] A guide to deep learning in healthcare ; [17984; TC=834] A comparison of deep learning performance against health-care professionals in detecting diseases... ; [14372; TC=776] AI in health and medicine ; [12308; TC=638] MCR-ALS GUI 2.0: New features and applications ; [990; TC=512] Artificial intelligence versus clinicians: systematic review of design, reporting standards, and...","This hotspot centers on diagnosis, artificial-intelligence, cancer, and convolutional neural-network, primarily in AI in Multimodal Medical Image Analysis.",Application-Driven
93,Cognitive Neuroscience & Neural Networks,Neuroscience & Brain-Computer Interface,"[15727; TC=1304] Maximizing exposure therapy: An inhibitory learning approach ; [8704; TC=763] The neural bases of emotion regulation ; [5044; TC=721] Consensus Paper: The Cerebellum's Role in Movement and Cognition ; [8810; TC=717] Depression, Stress, and Anhedonia: Toward a Synthesis and Integrated Model ; [4743; TC=676] Neural network of cognitive emotion regulation - An ALE meta-analysis and MACM analysis","This hotspot centers on prefrontal cortex, functional connectivity, stress, and medial prefrontal cortex, primarily in Cognitive Neuroscience & Neural Networks.",Theory-Driven
94,Cardiac Disease Monitoring & Diagnosis,Medical Imaging & Clinical Diagnosis,[16500; TC=1497] Cardiologist-level arrhythmia detection and classification in ambulatory electrocardiograms using... ; [864; TC=1126] Real-Time Patient-Specific ECG Classification by 1-D Convolutional Neural Networks ; [17353; TC=803] A deep convolutional neural network model to classify heartbeats ; [4642; TC=749] An artificial intelligence-enabled ECG algorithm for the identification of patients with atrial f... ; [3691; TC=622] Screening for cardiac contractile dysfunction using an artificial intelligence-enabled electrocar...,"This hotspot centers on recognition, convolutional neural network, convolutional neural-network, and automated detection, primarily in Cardiac Disease Monitoring & Diagnosis.",Application-Driven
95,Neural Engineering & Brain-Computer Interface,Neuroscience & Brain-Computer Interface,[5802; TC=1651] Deep Learning With Convolutional Neural Networks for EEG Decoding and Visualization ; [16059; TC=1554] EEGNet: a compact convolutional neural network for EEG-based brain-computer interfaces ; [3119; TC=1246] Investigating Critical Frequency Bands and Channels for EEG-Based Emotion Recognition with Deep N... ; [11089; TC=969] Deep convolutional neural network for the automated detection and diagnosis of seizure using EEG... ; [1874; TC=900] A review of classification algorithms for EEG-based brain-computer interfaces: a 10 year update,"This hotspot centers on electroencephalography, emotion recognition, epilepsy, and brain-computer interface, primarily in Neural Engineering & Brain-Computer Interface.",Application-Driven
96,DL-Based Brain Disease Diagnosis & Treatment,Neuroscience & Brain-Computer Interface,[6407; TC=2731] A multi-modal parcellation of human cerebral cortex ; [17622; TC=1519] Brain Tumor Segmentation Using Convolutional Neural Networks in MRI Images ; [11276; TC=1098] Machine learning for neuroirnaging with scikit-learn ; [793; TC=1080] Image reconstruction by domain-transform manifold learning ; [13; TC=1066] An overview of deep learning in medical imaging focusing on MRI,"This hotspot centers on segmentation, mild cognitive impairment, functional connectivity, and convolutional neural network, primarily in DL-Based Brain Disease Diagnosis & Treatment.",Application-Driven
98,Intelligent Transportation & Autonomous Driving,Transportation & Autonomous Driving,[10611; TC=1303] A Survey of Motion Planning and Control Techniques for Self-Driving Urban Vehicles ; [3049; TC=832] Deep Reinforcement Learning for Autonomous Driving: A Survey ; [18008; TC=832] A survey of deep learning techniques for autonomous driving ; [15469; TC=673] The vehicle routing problem: State of the art classification and review ; [10915; TC=520] Self-driving cars: A survey,"This hotspot centers on autonomous vehicles, design, reinforcement learning, and tracking control, primarily in Intelligent Transportation & Autonomous Driving.",Application-Driven
99,Intelligent Transportation & Traffic Flow Prediction,Transportation & Autonomous Driving,[16071; TC=2009] Traffic Flow Prediction With Big Data: A Deep Learning Approach ; [1711; TC=1535] T-GCN: A Temporal Graph Convolutional Network for Traffic Prediction ; [15942; TC=1415] Long short-term memory neural network for traffic speed prediction using remote microwave sensor... ; [7735; TC=1132] Trajectory Data Mining: An Overview ; [16707; TC=1080] LSTM network: a deep learning approach for short-term traffic forecast,"This hotspot centers on flow prediction, traffic flow prediction, neural-networks, and travel-time prediction, primarily in Intelligent Transportation & Traffic Flow Prediction.",Application-Driven
100,AI-Driven Geological Environment & Mineral Resource Assessment,Remote Sensing & Earth Science,"[16017; TC=816] Machine learning predictive models for mineral prospectivity: An evaluation of neural networks, r... ; [17954; TC=518] Prediction of undrained shear strength using extreme gradient boosting and random forest based on... ; [9264; TC=422] Atom search optimization and its application to solve a hydrogeologic parameter estimation problem ; [14987; TC=411] Cemented paste backfill for mineral tailings management: Review and future perspectives ; [1884; TC=401] Geological mapping using remote sensing data: A comparison of five machine learning algorithms, t...","This hotspot centers on artificial neural-networks, neural-networks, performance prediction, and penetration rate, primarily in AI-Driven Geological Environment & Mineral Resource Assessment.",Application-Driven
102,AI-Driven Seismology & Geophysical Data Analysis,Remote Sensing & Earth Science,[1408; TC=631] PhaseNet: a deep-neural-network-based seismic arrival-time picking method ; [16950; TC=603] Machine learning for data-driven discovery in solid Earth geoscience ; [823; TC=572] Convolutional neural network for earthquake detection and location ; [4721; TC=484] Earthquake transformer-an attentive deep-learning model for simultaneous earthquake detection and... ; [1925; TC=454] Failure mode and effects analysis of RC members based on machine-learning-based SHapley Additive...,"This hotspot centers on neural networks, neural-networks, wave-form inversion, and earthquakes, primarily in AI-Driven Seismology & Geophysical Data Analysis.",Application-Driven
103,Computer Vision-Based Infrastructure Inspection,Computer Vision & Image Processing,[17285; TC=2125] Deep Learning-Based Crack Damage Detection Using Convolutional Neural Networks ; [758; TC=1030] Autonomous Structural Visual Inspection Using Region-Based Deep Learning for Detecting Multiple D... ; [6494; TC=776] Automatic Road Crack Detection Using Random Structured Forests ; [16346; TC=714] Autonomous concrete crack detection using deep fully convolutional neural network ; [6669; TC=659] Advances in Computer Vision-Based Civil Infrastructure Inspection and Monitoring,"This hotspot centers on crack detection, damage detection, inspection, and neural-networks, primarily in Computer Vision-Based Infrastructure Inspection.",Application-Driven
104,Intelligent Technology in Environment & Urban Planning,Transportation & Autonomous Driving,[16505; TC=828] Combining satellite imagery and machine learning to predict poverty ; [4068; TC=755] Machine Learning: An Applied Econometric Approach ; [8097; TC=518] Random forest as a generic framework for predictive modeling of spatial and spatio-temporal varia... ; [15685; TC=361] Fall Detection in Homes of Older Adults Using the Microsoft Kinect ; [18285; TC=351] Measuring human perceptions of a large-scale urban region using machine learning,"This hotspot centers on built environment, physical-activity, google street view, and big data, primarily in Intelligent Technology in Environment & Urban Planning.",Application-Driven
105,AI-Driven Earth Science & Environmental Intelligent Sensing,Remote Sensing & Earth Science,[3090; TC=37243] Faster R-CNN: Towards Real-Time Object Detection with Region Proposal Networks ; [9944; TC=2534] Object Tracking Benchmark ; [5776; TC=1921] Object Detection With Deep Learning: A Review ; [4360; TC=1686] Region-Based Convolutional Networks for Accurate Object Detection and Segmentation ; [11280; TC=1515] Deep Learning for Generic Object Detection: A Survey,"This hotspot centers on object detection, features, vehicle detection, and visual tracking, primarily in AI-Driven Earth Science & Environmental Intelligent Sensing.",Application-Driven
106,DL-Based Remote Sensing Image Interpretation & Feature Extraction,Remote Sensing & Earth Science,"[16498; TC=1208] Road Extraction by Deep Residual U-Net ; [18467; TC=959] Fully Convolutional Networks for Multisource Building Extraction From an Open Aerial and Satellit... ; [13284; TC=764] Comparison of Random Forest, k-Nearest Neighbor, and Support Vector Machine Classifiers for Land... ; [3068; TC=612] A review of supervised object-based land-cover image classification ; [6387; TC=593] A deeply supervised image fusion network for change detection in high resolution bi-temporal remo...","This hotspot centers on remote sensing, segmentation, semantic segmentation, and convolutional neural network, primarily in DL-Based Remote Sensing Image Interpretation & Feature Extraction.",Technology-Application
107,AI-Driven Remote Sensing & GIS Applications,Remote Sensing & Earth Science,[13042; TC=3737] Random forest in remote sensing: A review of applications and future directions ; [6518; TC=1587] Remote Sensing Image Scene Classification: Benchmark and State of the Art ; [17029; TC=1302] Deep learning in remote sensing applications: A meta-analysis and review ; [5723; TC=1064] Implementation of machine-learning classification in remote sensing: an applied review ; [16207; TC=1009] When Deep Learning Meets Metric Learning: Remote Sensing Image Scene Classification via Learning...,"This hotspot centers on features, remote sensing, scene classification, and image classification, primarily in AI-Driven Remote Sensing & GIS Applications.",Application-Driven
108,SAR Image Processing & Target Recognition,Remote Sensing & Earth Science,[2394; TC=1428] SECOND: Sparsely Embedded Convolutional Detection ; [18688; TC=924] Target Classification Using the Deep Convolutional Networks for SAR Images ; [8478; TC=763] Cloud detection algorithm comparison and validation for operational Landsat data products ; [17928; TC=553] Convolutional Neural Network With Data Augmentation for SAR Target Recognition ; [9525; TC=497] Low-drift and real-time lidar odometry and mapping,"This hotspot centers on synthetic aperture radar (sar, lidar, ship detection, and feature extraction, primarily in SAR Image Processing & Target Recognition.",Technology-Application
109,Intelligent Sensing & Autonomous Systems Engineering,Robotics & Control Systems,"[7896; TC=701] Visual Place Recognition: A Survey ; [369; TC=603] Semantic Foggy Scene Understanding with Synthetic Data ; [9308; TC=590] Visual simultaneous localization and mapping: a survey ; [6300; TC=569] DynaSLAM: Tracking, Mapping, and Inpainting in Dynamic Scenes ; [10753; TC=498] Simultaneous Localization and Mapping: A Survey of Current Trends in Autonomous Driving","This hotspot centers on object detection, tracking, computer vision, and vision, primarily in Intelligent Sensing & Autonomous Systems Engineering.",Application-Driven
110,Industrial Visual Inspection & Defect Recognition,Smart Manufacturing & Industry,[5667; TC=681] NB-CNN: Deep Learning-Based Crack Detection Using Convolutional Neural Network and Naive Bayes Da... ; [1594; TC=622] An End-to-End Steel Surface Defect Detection Approach via Fusing Multiple Hierarchical Features ; [17149; TC=488] Deep Transfer Learning for Image-Based Structural Damage Recognition ; [17761; TC=452] Segmentation-based deep-learning approach for surface-defect detection ; [5849; TC=381] Design of deep convolutional neural network architectures for automated feature extraction in ind...,"This hotspot centers on defect detection, inspection, visual inspection, and surface defect detection, primarily in Industrial Visual Inspection & Defect Recognition.",Application-Driven
111,Smart Wearable Devices & DL-Based Human Activity Recognition,Computer Vision & Image Processing,[210; TC=1584] Deep Convolutional and LSTM Recurrent Neural Networks for Multimodal Wearable Activity Recognition ; [16419; TC=1063] Deep learning for sensor-based activity recognition: A survey ; [11138; TC=719] Human activity recognition with smartphone sensors using deep learning neural networks ; [5437; TC=686] NTU RGB+D 120: A Large-Scale Benchmark for 3D Human Activity Understanding ; [10340; TC=624] Multi-sensor fusion in body sensor networks: State-of-the-art and research challenges,"This hotspot centers on human activity recognition, activity recognition, wearable sensors, and feature extraction, primarily in Smart Wearable Devices & DL-Based Human Activity Recognition.",Application-Driven
112,Computer Vision & Multimodal Learning in Behavior Recognition,Computer Vision & Image Processing,[10002; TC=4210] High-Speed Tracking with Kernelized Correlation Filters ; [9283; TC=4207] The PASCAL Visual Object Classes Challenge: A Retrospective ; [9152; TC=2619] Visual Genome: Connecting Language and Vision Using Crowdsourced Dense Image Annotations ; [9852; TC=2560] OpenPose: Realtime Multi-Person 2D Pose Estimation Using Part Affinity Fields ; [15582; TC=2093] SMPL: A Skinned Multi-Person Linear Model,"This hotspot centers on face recognition, computer vision, object tracking, and facial expression recognition, primarily in Computer Vision & Multimodal Learning in Behavior Recognition.",Technology-Application
113,Image Processing & Fusion in Visual Tasks,Computer Vision & Image Processing,[3529; TC=7727] Mask R-CNN ; [727; TC=2855] Focal Loss for Dense Object Detection ; [9844; TC=1367] Fast Feature Pyramids for Object Detection ; [557; TC=1210] A Survey on Vision Transformer ; [4679; TC=948] Transformers in Vision: A Survey,"This hotspot centers on image fusion, object detection, framework, and feature extraction, primarily in Image Processing & Fusion in Visual Tasks.",Technology-Application
114,Image Enhancement & Fusion Techniques,Computer Vision & Image Processing,[9989; TC=1594] Direct Sparse Odometry ; [10072; TC=1441] LIME: Low-Light Image Enhancement via Illumination Map Estimation ; [17616; TC=1413] Loss Functions for Image Restoration With Neural Networks ; [9927; TC=1154] Gradient Magnitude Similarity Deviation: A Highly Efficient Perceptual Image Quality Index ; [10112; TC=983] LLNet: A deep autoencoder approach to natural low-light image enhancement,"This hotspot centers on low-light image enhancement, quality assessment, image fusion, and image restoration, primarily in Image Enhancement & Fusion Techniques.",Technology-Application
115,Deep Learning in Remote Sensing Image Processing,Remote Sensing & Earth Science,[1522; TC=10315] SegNet: A Deep Convolutional Encoder-Decoder Architecture for Image Segmentation ; [16225; TC=6014] Image Super-Resolution Using Deep Convolutional Networks ; [11317; TC=2058] Deep Feature Extraction and Classification of Hyperspectral Images Based on Convolutional Neural... ; [939; TC=1741] Res2Net: A New Multi-Scale Backbone Architecture ; [11427; TC=1297] Deep Convolutional Neural Networks for Hyperspectral Image Classification,"This hotspot centers on feature extraction, spectral-spatial classification, convolutional neural network (cnn, and hyperspectral imaging, primarily in Deep Learning in Remote Sensing Image Processing.",Technology-Application
116,Deep Learning in Image Recognition & Semantic Segmentation,Computer Vision & Image Processing,"[9342; TC=23458] ImageNet Large Scale Visual Recognition Challenge ; [18482; TC=12802] DeepLab: Semantic Image Segmentation with Deep Convolutional Nets, Atrous Convolution, and Fully... ; [5143; TC=2852] Fully Convolutional Networks for Semantic Segmentation ; [3478; TC=2814] Spatial Pyramid Pooling in Deep Convolutional Networks for Visual Recognition ; [16153; TC=2237] Places: A 10 Million Image Database for Scene Recognition","This hotspot centers on semantic segmentation, image segmentation, transfer learning, and image classification, primarily in Deep Learning in Image Recognition & Semantic Segmentation.",Technology-Application
117,Cognitive Neuroscience & Decision Theory,Neuroscience & Brain-Computer Interface,[2231; TC=960] Choosing Prediction Over Explanation in Psychology: Lessons From Machine Learning ; [15516; TC=874] Diffusion Decision Model: Current Issues anc History ; [18017; TC=843] The SpiNNaker Project ; [8944; TC=651] NEURONAL REWARD AND DECISION SIGNALS: FROM THEORIES TO DATA ; [16979; TC=576] Spatio-Temporal Backpropagation for Training High-Performance Spiking Neural Networks,"This hotspot centers on decision-making, representations, individual-differences, and time, primarily in Cognitive Neuroscience & Decision Theory.",Theory-Driven
118,AI-Assisted Multimedia Security & Anomaly Detection,Cybersecurity & Privacy,[18216; TC=329] Detecting anomalous events in videos by learning deep representations of appearance and motion ; [11456; TC=311] Constrained Convolutional Neural Networks: A New Approach Towards General Purpose Image Manipulat... ; [15718; TC=303] Steganalysis of least significant bit matching using multi-order differences ; [4294; TC=293] Media Forensics and DeepFakes: An Overview ; [16206; TC=285] Median Filtering Forensics Based on Convolutional Neural Networks,"This hotspot centers on anomaly detection, feature extraction, training, and abnormal event detection, primarily in AI-Assisted Multimedia Security & Anomaly Detection.",Application-Driven
119,AI & Radiomics in Medical Imaging,Medical Imaging & Clinical Diagnosis,[5383; TC=3694] Computational Radiomics System to Decode the Radiographic Phenotype ; [154; TC=1982] Convolutional neural networks: an overview and application in radiology ; [449; TC=1794] Artificial intelligence in radiology ; [15530; TC=1368] Screening for Breast Cancer: US Preventive Services Task Force Recommendation Statement ; [1309; TC=1329] Automated detection of COVID-19 cases using deep neural networks with X-ray images,"This hotspot centers on covid-19, computed tomography, cancer, and radiomics, primarily in AI & Radiomics in Medical Imaging.",Application-Driven
120,Deep Learning in Medical Image Analysis,Medical Imaging & Clinical Diagnosis,"[431; TC=7135] A survey on deep learning in medical image analysis ; [860; TC=6866] Dermatologist-level classification of skin cancer with deep neural networks ; [16823; TC=3480] Deep Convolutional Neural Networks for Computer-Aided Detection: CNN Architectures, Dataset Chara... ; [2540; TC=3089] nnU-Net: a self-configuring method for deep learning-based biomedical image segmentation ; [75; TC=2702] Deep Learning in Medical Image Analysis","This hotspot centers on convolutional neural-networks, convolutional neural networks, segmentation, and diagnosis, primarily in Deep Learning in Medical Image Analysis.",Application-Driven
121,Ophthalmic Disease & Medical Image Analysis,Medical Imaging & Clinical Diagnosis,[16913; TC=3968] Development and Validation of a Deep Learning Algorithm for Detection of Diabetic Retinopathy in... ; [11231; TC=2352] Identifying Medical Diagnoses and Treatable Diseases by Image-Based Deep Learning ; [10120; TC=1508] Automatic generation and detection of highly reliable fiducial markers under occlusion ; [4769; TC=1390] Clinically applicable deep learning for diagnosis and referral in retinal disease ; [5220; TC=1297] Development and Validation of a Deep Learning System for Diabetic Retinopathy and Related Eye Dis...,"This hotspot centers on segmentation, images, blood-vessels, and diagnosis, primarily in Ophthalmic Disease & Medical Image Analysis.",Application-Driven
122,Mental Health & Disease Prevention,Public Health & Epidemiology,"[11630; TC=4608] IDF Diabetes Atlas: Global estimates of diabetes prevalence for 2017 and projections for 2045 ; [11553; TC=3834] IDF Diabetes Atlas: Global, regional and country-level diabetes prevalence estimates for 2021 and... ; [10552; TC=3233] Global estimates of diabetes prevalence for 2013 and projections for 2035 ; [10818; TC=2676] IDF Diabetes Atlas: Global estimates for the prevalence of diabetes for 2015 and 2040 ; [10519; TC=2244] Generalized anxiety disorder, depressive symptoms and sleep quality during COVID-19 outbreak in C...","This hotspot centers on depression, risk, covid-19, and prevalence, primarily in Mental Health & Disease Prevention.",Application-Driven
123,Epidemiology & Public Health,Public Health & Epidemiology,"[12946; TC=2465] Assessment of Clinical Criteria for Sepsis For the Third International Consensus Definitions for... ; [12054; TC=957] The International Criteria for Behcet's Disease (ICBD): a collaborative study of 27 countries on... ; [12081; TC=682] A Simple, Evidence-Based Approach to Help Guide Diagnosis of Heart Failure With Preserved Ejectio... ; [12858; TC=636] Frailty and pre-frailty in middle-aged and older adults and its association with multimorbidity a... ; [10985; TC=559] Is the Timed Up and Go test a useful predictor of risk of falls in community dwelling older adult...","This hotspot centers on mortality, health, prevalence, and association, primarily in Epidemiology & Public Health.",Application-Driven
124,Ultrasound Imaging & AI-Assisted Diagnosis,Medical Imaging & Clinical Diagnosis,[3994; TC=1032] Attention gated networks: Learning to leverage salient regions in medical images ; [16315; TC=545] Automated Breast Ultrasound Lesions Detection Using Convolutional Neural Networks ; [18300; TC=538] Computer-Aided Diagnosis with Deep Learning Architecture: Applications to Breast Lesions in US Im... ; [5569; TC=437] Deep Learning in Medical Ultrasound Analysis: A Review ; [3210; TC=306] Deep Learning for Classification and Localization of COVID-19 Markers in Point-of-Care Lung Ultra...,"This hotspot centers on segmentation, breast cancer, image segmentation, and ultrasound, primarily in Ultrasound Imaging & AI-Assisted Diagnosis.",Application-Driven
125,Intelligent Battery Management & State Estimation,Energy & Power Systems,[6864; TC=1363] Data-driven prediction of battery cycle life before capacity degradation ; [6825; TC=1266] A review of lithium-ion battery state of charge estimation and management system in electric vehi... ; [10172; TC=908] Na-Ion Battery Anodes: Materials and Electrochemistry ; [17387; TC=740] Long Short-Term Memory Recurrent Neural Network for Remaining Useful Life Prediction of Lithium-I... ; [4319; TC=733] A comprehensive review of lithium-ion batteries used in hybrid and electric vehicles at cold temp...,"This hotspot centers on lithium-ion battery, lithium-ion batteries, remaining useful life, and prognostics, primarily in Intelligent Battery Management & State Estimation.",Application-Driven
